{
  "format_version": "1.21.70",
  "minecraft:lighting_settings": {
    "description": {
      "identifier": "nic:end_lightning"
    },
    "directional_lights": {
      "sun": {
        "illuminance": {
          "0.0": 90,
          "0.19": 90,
          "0.22": 60,
          "0.23": 30,
          "0.24": 20,
          "0.25": 1,
          "0.26": 1,
          "0.3": 0.5,
          "0.3037499785423279": 0.5,
          "0.3249999880790710": 0.5,
          "0.5": 0.5,
          "0.6": 0.5,
          "0.7074999809265137": 0.5,
          "0.74": 1,
          "0.75": 20,
          "0.76": 30,
          "0.78": 60,
          "0.795": 90,
          "0.81": 90
        },
        "color": {
          "0.5": "#F54C0F",
          "0.75": "#F54C0F",
          "0.82": "#C89366",
          "0.93": "#C39366",
          "1.0": "#C39366",
          "0.07": "#C39366",
          "0.18": "#C89366",
          "0.25": "#F54C0F",
          "0.35": "#F54C0F"
        }
      },
      "moon": {
        "illuminance": {
          "0.0": 0.4,
          "0.19": 0.4,
          "0.22": 0.4,
          "0.25": 1,
          "0.3": 1.5,
          "0.3037499785423279": 1.5,
          "0.3249999880790710": 1.5,
          "0.5": 1.5,
          "0.6": 1.5,
          "0.7074999809265137": 1.5,
          "0.75": 1,
          "0.78": 0.4,
          "0.81": 0.4
        },
        "color": {
          "0.0": "#379BD7",
          "0.25": "#379BD7",
          "0.35": "#379BD7",
          "0.5": "#379BD7",
          "0.65": "#379BD7",
          "0.75": "#379BD7",
          "1.0": "#379BD7"
        }
      },
      "orbital_offset_degrees": {
        "0.5": 330,
        "0.75": 330,
        "0.82": 330,
        "0.93": 310,
        "0.97": 304,
        "1.0": 304,
        "0.03": 304,
        "0.07": 310,
        "0.18": 330,
        "0.25": 330,
        "0.35": 330
      },
      "flash": {
        "illuminance": 1.0,
        "color": "#FFFFFF"
      }
    },
    "emissive": {
      "desaturation": 0
    },
    "ambient": {
      "illuminance": 1,
      "color": "#281678"
    },
    "sky": {
      "intensity": 1
    }
  }
}
